Query_ID	Target_ID	Optimal_offset	p-value	E-value	q-value	Overlap	Query_consensus	Target_consensus	Orientation
m02_GGATTACAGGCGTGAGCCAC	MA2159.1	0	7.73551e-05	0.181475	0.17508	6	GGATTACAGGCGTGAGCCAC	GGATTA	+
m02_GGATTACAGGCGTGAGCCAC	MA0467.3	0	9.43628e-05	0.221375	0.17508	6	GGATTACAGGCGTGAGCCAC	GGATTA	+
m02_GGATTACAGGCGTGAGCCAC	MA1443.2	0	0.000134113	0.314629	0.17508	6	GGATTACAGGCGTGAGCCAC	GGATTA	-
m02_GGATTACAGGCGTGAGCCAC	MA0915.2	0	0.000180377	0.423165	0.17508	6	GGATTACAGGCGTGAGCCAC	GGATTA	-
m02_GGATTACAGGCGTGAGCCAC	MA0682.3	0	0.000205753	0.482697	0.17508	6	GGATTACAGGCGTGAGCCAC	GGATTA	-
m02_GGATTACAGGCGTGAGCCAC	MA0212.1	0	0.000232665	0.545833	0.17508	6	GGATTACAGGCGTGAGCCAC	GGATTA	-
m02_GGATTACAGGCGTGAGCCAC	MA0234.1	0	0.000261202	0.612779	0.17508	6	GGATTACAGGCGTGAGCCAC	GGATTA	-
m02_GGATTACAGGCGTGAGCCAC	MA0648.2	0	0.000393873	0.924026	0.231007	6	GGATTACAGGCGTGAGCCAC	GGATTA	-
m02_GGATTACAGGCGTGAGCCAC	MA0190.1	0	0.000608639	1.42787	0.285574	6	GGATTACAGGCGTGAGCCAC	GGATTA	-
m02_GGATTACAGGCGTGAGCCAC	MA0714.2	0	0.000608639	1.42787	0.285574	6	GGATTACAGGCGTGAGCCAC	GGATTA	-
m02_GGATTACAGGCGTGAGCCAC	MA0711.2	0	0.000827183	1.94057	0.342665	6	GGATTACAGGCGTGAGCCAC	GGATTA	-
m02_GGATTACAGGCGTGAGCCAC	MA0201.1	0	0.000877381	2.05834	0.342665	7	GGATTACAGGCGTGAGCCAC	GGATTAA	-
m02_GGATTACAGGCGTGAGCCAC	MA0712.3	1	0.000949414	2.22733	0.342665	6	GGATTACAGGCGTGAGCCAC	GGGATTA	+
m02_GGATTACAGGCGTGAGCCAC	MA0891.2	0	0.00134058	3.14501	0.449286	6	GGATTACAGGCGTGAGCCAC	GGATTA	-
m02_GGATTACAGGCGTGAGCCAC	MA0328.2	-2	0.00206855	4.85283	0.647044	8	GGATTACAGGCGTGAGCCAC	ATTACACG	-
m02_GGATTACAGGCGTGAGCCAC	MA0318.1	-2	0.00246344	5.77922	0.720738	8	GGATTACAGGCGTGAGCCAC	ATTACATG	-
m02_GGATTACAGGCGTGAGCCAC	MA2146.1	-1	0.00261137	6.12627	0.720738	8	GGATTACAGGCGTGAGCCAC	GACTACAC	-

# Tomtom (Motif Comparison Tool): Version 5.5.5 compiled on Apr 15 2024 at 19:39:42
# The format of this file is described at http://meme-suite.org//doc/tomtom-output-format.html.
# tomtom -oc /Users/hdash/code/icl_project2/MotifPeeker_reports/CTCF_ChIP-TIP/output/MotifPeeker_20240711_230621/tomtom/9/2 -thresh 10 -min-overlap 5 -dist ed -evalue /var/folders/02/8xlc9n4x3gv96_rj588v5bqh0000gn/T//RtmpETxpCX/file17d308f421ba.meme /Users/hdash/Library/Caches/org.R-project.R/R/BiocFileCache/128c14b151a34_JASPAR2024_CORE_non-redundant_pfms_meme.txt
