motif_ID	motif_ALT_ID	motif_P-value	seq_ID	seq_Score	seq_Class	is_holdout?
1-CCAGCAGRGGGCAS	STREME-1	5.0e-001	chr10:70267732-70267948	18.55	tp	0
1-CCAGCAGRGGGCAS	STREME-1	5.0e-001	chr10:70565023-70565202	18.05	tp	0
1-CCAGCAGRGGGCAS	STREME-1	5.0e-001	chr10:67476285-67476431	17.78	tp	0
1-CCAGCAGRGGGCAS	STREME-1	5.0e-001	chr10:69004893-69005078	17.63	tp	0
1-CCAGCAGRGGGCAS	STREME-1	5.0e-001	chr10:69774712-69774862	17.53	tp	0
1-CCAGCAGRGGGCAS	STREME-1	5.0e-001	chr10:72337168-72337501	17.46	tp	0
1-CCAGCAGRGGGCAS	STREME-1	5.0e-001	chr10:71064456-71064703	16.40	tp	0
1-CCAGCAGRGGGCAS	STREME-1	5.0e-001	chr10:68576290-68576436	16.23	tp	0
1-CCAGCAGRGGGCAS	STREME-1	5.0e-001	chr10:72926008-72926261	15.57	tp	0
1-CCAGCAGRGGGCAS	STREME-1	5.0e-001	chr10:72694549-72694789	14.80	tp	0
1-CCAGCAGRGGGCAS	STREME-1	5.0e-001	chr10:71761544-71761780	14.79	tp	0
1-CCAGCAGRGGGCAS	STREME-1	5.0e-001	chr10:71268445-71268697	14.78	tp	0
1-CCAGCAGRGGGCAS	STREME-1	5.0e-001	chr10:71135033-71135244	14.62	tp	0
1-CCAGCAGRGGGCAS	STREME-1	5.0e-001	chr10:66215124-66215282	14.52	tp	0
1-CCAGCAGRGGGCAS	STREME-1	5.0e-001	chr10:68650085-68650254	14.45	tp	0
1-CCAGCAGRGGGCAS	STREME-1	5.0e-001	chr10:70478376-70478583	14.25	tp	0
1-CCAGCAGRGGGCAS	STREME-1	5.0e-001	chr10:72132442-72132639	14.07	tp	0
1-CCAGCAGRGGGCAS	STREME-1	5.0e-001	chr10:67657881-67658048	13.88	tp	0
1-CCAGCAGRGGGCAS	STREME-1	5.0e-001	chr10:71319026-71319220	13.85	tp	0
1-CCAGCAGRGGGCAS	STREME-1	5.0e-001	chr10:71623452-71623669	13.74	tp	0
1-CCAGCAGRGGGCAS	STREME-1	5.0e-001	chr10:69407832-69408057	13.47	tp	1
1-CCAGCAGRGGGCAS	STREME-1	5.0e-001	chr10:66112133-66112279	9.96	tp	0
#
2-CACCKCCTCCCT	STREME-2	5.0e-001	chr10:72061526-72061780	16.04	tp	0
2-CACCKCCTCCCT	STREME-2	5.0e-001	chr10:72567978-72568232	14.36	tp	0
2-CACCKCCTCCCT	STREME-2	5.0e-001	chr10:71268445-71268697	14.15	tp	0
2-CACCKCCTCCCT	STREME-2	5.0e-001	chr10:70145682-70145894	14.04	tp	0
2-CACCKCCTCCCT	STREME-2	5.0e-001	chr10:71368749-71368977	13.92	tp	0
2-CACCKCCTCCCT	STREME-2	5.0e-001	chr10:68407098-68407434	13.76	tp	0
2-CACCKCCTCCCT	STREME-2	5.0e-001	chr10:69901674-69901927	13.58	tp	0
2-CACCKCCTCCCT	STREME-2	5.0e-001	chr10:71615639-71615904	13.57	tp	0
2-CACCKCCTCCCT	STREME-2	5.0e-001	chr10:72274745-72275096	13.38	tp	0
2-CACCKCCTCCCT	STREME-2	5.0e-001	chr10:73999134-73999417	13.23	tp	0
2-CACCKCCTCCCT	STREME-2	5.0e-001	chr10:74826600-74826822	13.23	tp	0
2-CACCKCCTCCCT	STREME-2	5.0e-001	chr10:68332731-68333048	13.18	tp	0
2-CACCKCCTCCCT	STREME-2	5.0e-001	chr10:70478376-70478583	12.73	tp	0
2-CACCKCCTCCCT	STREME-2	5.0e-001	chr10:70565023-70565202	12.55	tp	0
2-CACCKCCTCCCT	STREME-2	5.0e-001	chr10:71982870-71983053	12.49	fp	0
2-CACCKCCTCCCT	STREME-2	5.0e-001	chr10:70348476-70348770	12.48	tp	0
2-CACCKCCTCCCT	STREME-2	5.0e-001	chr10:71773474-71773751	12.44	tp	1
2-CACCKCCTCCCT	STREME-2	5.0e-001	chr10:71837161-71837447	12.25	tp	0
2-CACCKCCTCCCT	STREME-2	5.0e-001	chr10:66277566-66277829	12.11	tp	0
2-CACCKCCTCCCT	STREME-2	5.0e-001	chr10:71372922-71373095	12.05	tp	0
2-CACCKCCTCCCT	STREME-2	5.0e-001	chr10:71780811-71780994	11.65	tp	0
2-CACCKCCTCCCT	STREME-2	5.0e-001	chr10:71761544-71761780	11.62	tp	0
2-CACCKCCTCCCT	STREME-2	5.0e-001	chr10:71319539-71319828	11.16	tp	0
2-CACCKCCTCCCT	STREME-2	5.0e-001	chr10:72926008-72926261	10.78	tp	0
#
3-AGAATTACAAAGR	STREME-3	1.0e+000	chr10:68332731-68333048	20.42	tp	0
3-AGAATTACAAAGR	STREME-3	1.0e+000	chr10:69637015-69637255	20.42	tp	0
3-AGAATTACAAAGR	STREME-3	1.0e+000	chr10:68650085-68650254	18.95	tp	0
3-AGAATTACAAAGR	STREME-3	1.0e+000	chr10:71368749-71368977	17.01	tp	0
3-AGAATTACAAAGR	STREME-3	1.0e+000	chr10:74234663-74234817	15.79	tp	0
3-AGAATTACAAAGR	STREME-3	1.0e+000	chr10:71647603-71647893	15.74	tp	0
3-AGAATTACAAAGR	STREME-3	1.0e+000	chr10:73263907-73264196	15.37	tp	0
3-AGAATTACAAAGR	STREME-3	1.0e+000	chr10:65672891-65673094	13.96	tp	0
3-AGAATTACAAAGR	STREME-3	1.0e+000	chr10:72278928-72279143	12.88	tp	0
3-AGAATTACAAAGR	STREME-3	1.0e+000	chr10:74213629-74213890	12.05	tp	0
3-AGAATTACAAAGR	STREME-3	1.0e+000	chr10:69004893-69005078	11.86	tp	0
3-AGAATTACAAAGR	STREME-3	1.0e+000	chr10:72164737-72164932	11.77	tp	0
3-AGAATTACAAAGR	STREME-3	1.0e+000	chr10:69901674-69901927	11.62	tp	0
3-AGAATTACAAAGR	STREME-3	1.0e+000	chr10:72926008-72926261	11.60	tp	0
3-AGAATTACAAAGR	STREME-3	1.0e+000	chr10:74035457-74035708	10.66	tp	0
3-AGAATTACAAAGR	STREME-3	1.0e+000	chr10:71135033-71135244	10.65	tp	0
3-AGAATTACAAAGR	STREME-3	1.0e+000	chr10:70993185-70993333	10.53	tp	0
3-AGAATTACAAAGR	STREME-3	1.0e+000	chr10:72694549-72694789	10.43	fp	1
3-AGAATTACAAAGR	STREME-3	1.0e+000	chr10:66112133-66112279	10.04	tp	0
