motif_ID	motif_ALT_ID	seq_ID	site_Start	site_End	site_Strand	site_Score	site_Sequence
1-CCAGCAGRGGGCAS	STREME-1	chr10	70267848	70267861	+	18.55	CCAGCAGGGGGCAC
1-CCAGCAGRGGGCAS	STREME-1	chr10	70565091	70565104	-	18.05	CCAGCAGATGGCAC
1-CCAGCAGRGGGCAS	STREME-1	chr10	67476346	67476359	+	17.78	CCATCAGGGGGCAC
1-CCAGCAGRGGGCAS	STREME-1	chr10	69004980	69004993	+	17.63	CCAGAAGAGGGCAC
1-CCAGCAGRGGGCAS	STREME-1	chr10	69774776	69774789	-	17.53	CCATTAGAGGGCAC
1-CCAGCAGRGGGCAS	STREME-1	chr10	72337329	72337342	-	17.46	CCAGCAGGGGGCAG
1-CCAGCAGRGGGCAS	STREME-1	chr10	71064577	71064590	-	16.40	CCAGAAGGAGGCAC
1-CCAGCAGRGGGCAS	STREME-1	chr10	68576319	68576332	+	16.23	CCAGCAGGGGCAAC
1-CCAGCAGRGGGCAS	STREME-1	chr10	72926188	72926201	-	15.57	CCAGCAGAGGGCAA
1-CCAGCAGRGGGCAS	STREME-1	chr10	72694669	72694682	+	14.80	GCAGCAGATGGCAG
1-CCAGCAGRGGGCAS	STREME-1	chr10	71761674	71761687	+	14.79	GCAGTAGAGGCCGC
1-CCAGCAGRGGGCAS	STREME-1	chr10	71268551	71268564	-	14.78	CCACCAGGAGGCAG
1-CCAGCAGRGGGCAS	STREME-1	chr10	71135101	71135114	-	14.62	GCAGTAGGGGGAAG
1-CCAGCAGRGGGCAS	STREME-1	chr10	66215198	66215211	+	14.52	CCACCAGGAGGCGG
1-CCAGCAGRGGGCAS	STREME-1	chr10	68650178	68650191	+	14.45	CCACTAGATGCCAG
1-CCAGCAGRGGGCAS	STREME-1	chr10	70478495	70478508	+	14.25	CCAGAAGGAGCCGC
1-CCAGCAGRGGGCAS	STREME-1	chr10	72132568	72132581	+	14.07	CCACTAGGTGCCAG
1-CCAGCAGRGGGCAS	STREME-1	chr10	67657955	67657968	+	13.88	CCAGCAGAGGGAGG
1-CCAGCAGRGGGCAS	STREME-1	chr10	71319124	71319137	+	13.85	CCAGAAGGGGGAGC
1-CCAGCAGRGGGCAS	STREME-1	chr10	71623551	71623564	-	13.74	CCATCAGAGGGCTC
1-CCAGCAGRGGGCAS	STREME-1	chr10	69407941	69407954	+	13.47	GCACCAGATGGCGC
1-CCAGCAGRGGGCAS	STREME-1	chr10	66112188	66112201	+	9.96	CCACCAGAGGGAGA
#
2-CACCKCCTCCCT	STREME-2	chr10	72061592	72061603	-	16.04	CACCTCCTCCCT
2-CACCKCCTCCCT	STREME-2	chr10	72567993	72568004	-	14.36	CACTTCCTACCT
2-CACCKCCTCCCT	STREME-2	chr10	71268681	71268692	-	14.15	CCCCGTCTCCCT
2-CACCKCCTCCCT	STREME-2	chr10	70145791	70145802	+	14.04	CGCCGCCGCCCT
2-CACCKCCTCCCT	STREME-2	chr10	71368824	71368835	+	13.92	CCCCTCCTCCAT
2-CACCKCCTCCCT	STREME-2	chr10	68407188	68407199	-	13.76	CGCCGCCGCCAT
2-CACCKCCTCCCT	STREME-2	chr10	69901810	69901821	+	13.58	CGCTACCTCCCT
2-CACCKCCTCCCT	STREME-2	chr10	71615751	71615762	+	13.57	CACTGCCTCCCG
2-CACCKCCTCCCT	STREME-2	chr10	72275084	72275095	+	13.38	CCCTTCCTCCCT
2-CACCKCCTCCCT	STREME-2	chr10	73999373	73999384	-	13.23	CACCTCCTCCAG
2-CACCKCCTCCCT	STREME-2	chr10	74826705	74826716	+	13.23	CACCTCCTCCAG
2-CACCKCCTCCCT	STREME-2	chr10	68332747	68332758	+	13.18	CGCGGCCTCCCT
2-CACCKCCTCCCT	STREME-2	chr10	70478421	70478432	-	12.73	CACCCCGTCCCG
2-CACCKCCTCCCT	STREME-2	chr10	70565023	70565034	-	12.55	CATCACCTCCAT
2-CACCKCCTCCCT	STREME-2	chr10	70348565	70348576	-	12.48	CCCGTCCTCACT
2-CACCKCCTCCCT	STREME-2	chr10	71773724	71773735	+	12.44	CCCGTTCTACCG
2-CACCKCCTCCCT	STREME-2	chr10	71837177	71837188	+	12.25	CCCCTTCTACCT
2-CACCKCCTCCCT	STREME-2	chr10	66277721	66277732	-	12.11	CATCGTCTCTAT
2-CACCKCCTCCCT	STREME-2	chr10	71373073	71373084	+	12.05	CACCTCCTATCT
2-CACCKCCTCCCT	STREME-2	chr10	71780834	71780845	-	11.65	CACCCTCTCCCG
2-CACCKCCTCCCT	STREME-2	chr10	71761717	71761728	-	11.62	CAACTTCTCCAT
2-CACCKCCTCCCT	STREME-2	chr10	74826671	74826682	-	11.23	CGCCGCCGCCAG
2-CACCKCCTCCCT	STREME-2	chr10	71319590	71319601	+	11.16	CCCGTCGGCCCG
2-CACCKCCTCCCT	STREME-2	chr10	72926015	72926026	+	10.78	CATTGCCTACAT
#
3-AGAATTACAAAGR	STREME-3	chr10	68332916	68332928	-	20.42	AGAATTACAAAGG
3-AGAATTACAAAGR	STREME-3	chr10	69637186	69637198	+	20.42	AGAATTACAAAGG
3-AGAATTACAAAGR	STREME-3	chr10	68650106	68650118	-	18.95	AGAATTACGAAGG
3-AGAATTACAAAGR	STREME-3	chr10	71368858	71368870	-	17.01	AGTACTACAATCG
3-AGAATTACAAAGR	STREME-3	chr10	74234747	74234759	-	15.79	AGTATCACAAAGA
3-AGAATTACAAAGR	STREME-3	chr10	71647688	71647700	-	15.74	AGAATCACAATTG
3-AGAATTACAAAGR	STREME-3	chr10	73263987	73263999	-	15.37	AGGATTACAAATA
3-AGAATTACAAAGR	STREME-3	chr10	65673038	65673050	-	13.96	AGTATCACAATAA
3-AGAATTACAAAGR	STREME-3	chr10	72279033	72279045	+	12.88	AACATTACTAAGG
3-AGAATTACAAAGR	STREME-3	chr10	74213804	74213816	+	12.05	AGAAATAAAATGT
3-AGAATTACAAAGR	STREME-3	chr10	69005024	69005036	-	11.86	AGAAAAACAAAAG
3-AGAATTACAAAGR	STREME-3	chr10	72164910	72164922	-	11.77	AGATGTACAAATA
3-AGAATTACAAAGR	STREME-3	chr10	69901688	69901700	+	11.62	AAAATAACAAACC
3-AGAATTACAAAGR	STREME-3	chr10	72926034	72926046	+	11.60	AAAATTACACTCA
3-AGAATTACAAAGR	STREME-3	chr10	74035690	74035702	+	10.66	AGAAATAACAAGT
3-AGAATTACAAAGR	STREME-3	chr10	71135071	71135083	+	10.65	AGAGTTGCAAAGC
3-AGAATTACAAAGR	STREME-3	chr10	72567983	72567995	+	10.63	AAGAGTACAAAGG
3-AGAATTACAAAGR	STREME-3	chr10	70993262	70993274	-	10.53	AGAACTAGACAAG
3-AGAATTACAAAGR	STREME-3	chr10	66112208	66112220	-	10.04	AGAATAATACTAG
